Page Path,Base Url
/about-zebra/contact-us/contact-zebra.html,https://www.zebra.com/us/en
/partners/find-a-partner.html,https://www.zebra.com/us/en
/about-zebra.html,https://www.zebra.com/us/en
/about-zebra/explore-our-story.html,https://www.zebra.com/us/en
/about-zebra/contact-us/contact-zebra.html,https://www.zebra.com/us/en
/about-zebra/contact-us/contact-tech-support.html,https://www.zebra.com/us/en
/about-zebra/contact-us/global-locations.html,https://www.zebra.com/us/en
/about-zebra/contact-us/how-to-buy.html,https://www.zebra.com/us/en
/about-zebra/contact-us/how-to-buy.html,https://www.zebra.com/us/en
/about-zebra/company-information.html,https://www.zebra.com/us/en
/about-zebra/company-information/company-leadership.html,https://www.zebra.com/us/en
/about-zebra/company-information/board-of-directors.html,https://www.zebra.com/us/en
/about-zebra/company-information/corporate-responsibility.html,https://www.zebra.com/us/en
/about-zebra/company-information/community-relations.html,https://www.zebra.com/us/en
/about-zebra/company-information/quality.html,https://www.zebra.com/us/en
/about-zebra/company-information/compliance.html,https://www.zebra.com/us/en
/about-zebra/newsroom.html,https://www.zebra.com/us/en
/about-zebra/newsroom/press-releases.html,https://www.zebra.com/us/en
/about-zebra/newsroom/archive.html,https://www.zebra.com/us/en
/about-zebra/newsroom/press-contacts.html,https://www.zebra.com/us/en
/about-zebra/newsroom/world-events.html,https://www.zebra.com/us/en
/about-zebra/careers/careers.html,https://www.zebra.com/us/en
/about-zebra/careers/internship.html,https://www.zebra.com/us/en
/resource-library.html,https://www.zebra.com/us/en
/resource-library/getting-started.html,https://www.zebra.com/us/en
/resource-library/success-stories.html,https://www.zebra.com/us/en
/resource-library/white-papers.html,https://www.zebra.com/us/en
/resource-library/roi-calculators.html,https://www.zebra.com/us/en
/resource-library/webinars.html,https://www.zebra.com/us/en
/solutions.html,https://www.zebra.com/us/en
/products.html,https://www.zebra.com/us/en
/services.html,https://www.zebra.com/us/en
/support-downloads.html,https://www.zebra.com/us/en
/partners.html,https://www.zebra.com/us/en
